author_id,author_name
A-01,Heather Baker
A-02,William Miller
A-03,James Lopez
A-04,Sarah Sloan
A-05,Thomas Ross
A-06,Sean Anderson
A-07,Julie Estrada
A-08,Willie Hughes
A-09,Robin Wong
A-10,Robert Johnson
A-11,Kevin Price
A-12,James Stevens
A-13,Courtney Carlson
A-14,Keith Smith
A-15,Mary Palmer
A-16,Katherine Robinson
A-17,Kenneth Smith
A-18,Justin Scott
A-19,Susan Griffin
A-20,Christopher Oliver
A-21,Jason Chase
A-22,Lisa Martin
A-23,Michael Taylor
A-24,Brian Smith
A-25,Patricia Stewart
A-26,Rodney Moore
A-27,Terry Martinez
A-28,Theresa Harmon
A-29,Justin James
A-30,Wanda Valentine
A-31,Anthony Ramos
A-32,Amanda Wong
A-33,Susan Christensen
A-34,Andrew Matthews
A-35,Lauren Nichols
A-36,Jorge Ortiz
A-37,Peter Anderson
A-38,Vanessa Simmons
A-39,Catherine Williams
A-40,Jeremy Rose
A-41,Bryan Daugherty
A-42,Melissa Reyes
A-43,Brittany Moore
A-44,Kimberly Nash
A-45,Joshua Sanford
A-46,Andrea Higgins
A-47,Richard Lara
A-48,Vincent Griffin
A-49,Joseph Huff
A-50,Tiffany Nichols
A-51,Cameron Johnson
A-52,Gregory Byrd
A-53,Cynthia Adams
A-54,Kimberly Edwards
A-55,Russell Coleman
A-56,Richard Gross PhD
A-57,Paul Thomas MD
A-58,Joseph Perkins
A-59,Alec Daniels
A-60,Jeremy Sullivan
A-61,Michael Morris
A-62,Alyssa Chen
A-63,Elizabeth Morris
A-64,Justin Gilbert
A-65,Richard Nash
A-66,Cheryl Lewis
A-67,Sheryl Campbell
A-68,Debra James
A-69,David Brown
A-70,Laura Cook
A-71,Mr. Jason Craig DVM
A-72,Mark Harper
A-73,Manuel Harris
A-74,Donald Curtis
A-75,James Brewer
A-76,Christine Mcbride
A-77,Allen Weaver
A-78,Jimmy Flowers
A-79,Stephanie Smith
A-80,Patrick Briggs
A-81,Carol Mcclure MD
A-82,Dominique Griffin
A-83,Teresa Reynolds
A-84,Jack Wise
A-85,Richard Castro
A-86,Dustin Mccoy
A-87,Steven Soto
A-88,Kara Jackson
A-89,Laura Nelson
A-90,Keith Morgan
A-91,Richard Keller
A-92,Donald Burgess
A-93,James Richmond
A-94,Jason Nelson
A-95,Nancy Owens PhD
A-96,Melissa Dunn
A-97,Heather Jones
A-98,Tony Marshall
A-99,Christina Floyd
A-100,Charles Patterson
A-101,Nicholas Johnson
A-102,Brooke Phillips
A-103,John Edwards
A-104,Dustin Morris
A-105,Molly Garcia DDS
A-106,Brian Gallagher
A-107,William King
A-108,Michael Clark
A-109,Xavier Wilson
A-110,Brandon Adams
A-111,Dominique Weiss
A-112,William Henderson
A-113,Guy Day
A-114,Christopher Koch
A-115,Scott Rodriguez
A-116,Reginald Hernandez
A-117,Dana Moore
A-118,Jessica Brewer
A-119,Ronald Mckinney
A-120,Jennifer Waters
A-121,Ashley Graves
A-122,Henry Parker
A-123,Caitlyn Wilkinson
A-124,Justin Mendez
A-125,Michele Hill
A-126,Timothy Thomas
A-127,Vickie Spencer
A-128,Sandra Shaw
A-129,Cynthia Moody
A-130,John Lindsey
A-131,David Park
A-132,Alexander Perez
A-133,Andrew White
A-134,Samantha Simpson
A-135,George Woodard
A-136,Donald Tran
A-137,Kelsey Pearson
A-138,Nancy Harrell
A-139,Mr. Omar Alvarado
A-140,Anthony Rowland
A-141,Karen Bell
A-142,Emily Mcdonald
A-143,Robert Bender
A-144,Christine Levine
A-145,Carol Moore
A-146,William Roberts
A-147,Ariana Morgan
A-148,Cynthia Pugh
A-149,Ian Hawkins
A-150,Rebecca Jordan
A-151,Chelsea Mcdonald
A-152,Amy Anderson
A-153,Kristen Houston
A-154,Parker Wilson
A-155,Christopher Frye
A-156,Justin Holt
A-157,Kimberly Klein
A-158,Megan Donaldson
A-159,Deborah Cunningham
A-160,Charles Drake
A-161,Sharon Snow
A-162,Henry Davis
A-163,Laura Mcdaniel
A-164,Nathan Carroll
A-165,Madison Wheeler
A-166,Jeffrey Moore
A-167,Mary Rodriguez
A-168,David Jimenez
A-169,Hayley Velasquez
A-170,Kevin Hayes
A-171,Andrew Brown
A-172,Jodi Russo
A-173,Angelica Cox
A-174,Carly Wilson
A-175,Max Baker
A-176,Julia Davidson
A-177,Jay Foster
A-178,Julie Cantu
A-179,Willie Armstrong
A-180,Mark Perry
A-181,Stacey Johnson
A-182,Paula Johnson
A-183,Brandi Moses
A-184,Garrett Cannon
A-185,Alice Brown
A-186,Mark Holland
A-187,Laura Leonard
A-188,Andrea Dixon
A-189,Brian Lopez
A-190,Stephanie Choi
A-191,Maria Taylor
A-192,Marvin Shaw
A-193,Daniel Osborne
A-194,Anthony Adams
A-195,Alyssa Jones
A-196,Joseph Garcia
A-197,Katherine Fernandez
A-198,Katie Grant
A-199,Stephanie Carroll
A-200,Shannon Jones
A-201,Jennifer Pierce
A-202,Laura Nguyen
A-203,Brent Chapman
A-204,Jordan Ellison
A-205,Colleen Roberts
A-206,Matthew Rivera
A-207,Kristy Olson
A-208,Stanley Grant
A-209,Richard Harris
A-210,Joshua Smith
A-211,Cindy Hicks
A-212,Hailey King
A-213,David Nelson
A-214,Tracy Walsh
A-215,Henry Kline
A-216,Shawn Thompson
A-217,Sherri Brown
A-218,Jennifer Nichols
A-219,Jason Johnson
A-220,Laura Fox
A-221,Sarah Fox
A-222,David Nguyen
A-223,Allison Townsend
A-224,Jeffrey Henry
A-225,Jodi Gardner
A-226,Taylor Baker
A-227,Deborah Cooper
A-228,Samantha Carter
A-229,Angela Donovan
A-230,Sarah Turner
A-231,Melissa Wagner
A-232,Cody Maldonado
A-233,Phillip Moore
A-234,Caleb Oliver
A-235,Ernest Manning
A-236,Ana Orr
A-237,Laura Aguilar
A-238,Joshua Cross
A-239,Crystal Grant
A-240,Michael Hernandez
A-241,Robin Hayes
A-242,Michele Hubbard
A-243,Jared Craig
A-244,Mary Chandler
A-245,Carol Douglas
A-246,Lindsey Johnson MD
A-247,Jose Jones
A-248,Alexandra Mcdonald
A-249,Elizabeth Burns
A-250,Jason Carpenter
A-251,Holly Harris
A-252,Timothy Moore
A-253,Joseph Fisher
A-254,Kimberly Garner
A-255,Gerald Evans
A-256,Brendan Leonard
A-257,Amy Stephens
A-258,Jamie Grant
A-259,Annette Scott
A-260,Kathleen Ward
A-261,Chelsea Baker
A-262,Michelle Anderson
A-263,Laura Smith
A-264,Joanne Pena
A-265,Christine Gonzalez
A-266,Scott Rowe
A-267,Paul Wright
A-268,Robin Cochran
A-269,Morgan Smith
A-270,Joseph Beard
A-271,Michael Anderson
A-272,Tyler Ruiz
A-273,Eric Park
A-274,Mackenzie Ward
A-275,Duane Price
A-276,Melanie Kidd
A-277,William Navarro
A-278,Charles Gonzalez
A-279,Kimberly Fields
A-280,Jeffrey Gill
A-281,Timothy Andrade
A-282,Jennifer Fernandez
A-283,Steven Mills
A-284,Richard Pierce
A-285,Tracy Ryan
A-286,Mariah Tran
A-287,Angela Torres
A-288,Donna Humphrey
A-289,Amanda Brown
A-290,Bernard Howard
A-291,Joseph Ramsey
A-292,Philip Watkins
A-293,Morgan Garcia
A-294,Richard Bailey
A-295,Richard Bowman
A-296,Jesse Stevens
A-297,Rebecca Hobbs
A-298,Stacy Davis
A-299,Jocelyn Martinez
A-300,Tyrone Andrade
A-301,Dr. Madison Smith
A-302,Barry Simpson
A-303,Aaron Reynolds
A-304,Yvonne Sullivan
A-305,Christine Warren
A-306,Crystal Christian
A-307,Kenneth Glenn
A-308,Michelle Johnson
A-309,Eduardo Burke
A-310,Stephen Lee
A-311,Natalie Everett
A-312,Dale Brooks DDS
A-313,Rita Ramos
A-314,Robert Green
A-315,Phyllis Lara
A-316,Gabriel Friedman
A-317,Elizabeth Larson
A-318,Andrew Li
A-319,Jason Villarreal
A-320,Manuel Jones
A-321,Frank Harris
A-322,Justin Baker
A-323,Kyle Smith
A-324,Dr. Taylor Graham
A-325,Dean Perez
A-326,Matthew Mcclure
A-327,Danny Mcknight
A-328,Dr. Jacob Richards
A-329,Tara Garcia
A-330,Mrs. Lisa Thompson
A-331,Patricia Fernandez
A-332,Harold Jackson
A-333,Robert Gibson
A-334,Jesus Mcdowell
A-335,Natalie Bond
A-336,Albert White
A-337,Catherine Ford
A-338,Jennifer Hall
A-339,Alyssa Vargas
A-340,Shelley Johnson
A-341,Joshua Mason
A-342,Melissa Koch
A-343,Douglas Walker
A-344,Tyler Oconnor
A-345,Michael Wallace
A-346,Bryan Lyons
A-347,Joseph Brown
A-348,Lindsey Brown
A-349,Katie Schwartz
A-350,Teresa Weaver
A-351,Carlos Mccoy
A-352,Michael Morrison
A-353,Danny Reyes
A-354,Brooke Vasquez
A-355,James Edwards
A-356,Daniel Shepherd
A-357,Elizabeth Sherman
A-358,Wendy Hardy
A-359,Mary Sanders
A-360,Monica Mendez
A-361,Stephanie Robinson
A-362,Malik Pham
A-363,Mr. Ryan Davis
A-364,John Stevens
A-365,Regina Castro
